Name,Fold_Change,p_value
hsa-mir-15a,0.404708920395225,2.86160944089283e-27
